Date,Cot AQ MGD,Cot AQ Acre-ft
2026-10-04,30.0,92.07
2026-10-03,32.5,99.74
2026-10-02,32.4,99.43
2026-10-01,38.4,117.85
2026-09-30,34.3,105.26
2026-09-29,35.3,108.33
2026-09-28,35.5,108.95
2026-09-27,28.8,88.38
2026-09-26,33.5,102.81
2026-09-25,34.5,105.88
2026-09-24,39.0,119.69
2026-09-23,37.0,113.55
2026-09-22,26.4,81.02
2026-09-21,37.3,114.47
2026-09-20,31.0,95.14
2026-09-19,35.4,108.64
2026-09-18,34.6,106.18
2026-09-17,31.9,97.9
2026-09-16,32.6,100.05
2026-09-15,33.4,102.5
2026-09-14,33.9,104.04
2026-09-13,31.0,95.14
2026-09-12,33.5,102.81
2026-09-11,33.8,103.73
2026-09-10,37.5,115.08
2026-09-09,25.3,77.64
2026-09-08,36.3,111.4
2026-09-07,28.7,88.08
2026-09-06,29.5,90.53
2026-09-05,27.0,82.86
