Date,Sonoma Water Mirabel Production Facility,Sonoma Water Wohler Production Facility,Town of Windsor Russian River Well Field
2026-09-27,20.0,20.1,2.999
2026-09-26,26.5,23.6,2.45
2026-09-25,26.5,25.0,2.967
2026-09-24,25.8,27.9,3.039
2026-09-23,23.6,28.9,2.926
2026-09-22,18.9,22.1,2.874
2026-09-21,25.6,27.1,2.963
2026-09-20,24.0,18.4,2.785
2026-09-19,24.0,25.2,2.866
2026-09-18,20.5,29.8,2.967
2026-09-17,25.9,21.6,3.098
2026-09-16,26.6,21.9,2.999
2026-09-15,26.7,25.5,2.972
2026-09-14,26.8,25.3,3.008
2026-09-13,27.1,21.3,2.879
2026-09-12,21.6,28.9,2.862
2026-09-11,24.7,25.9,3.039
2026-09-10,20.5,33.0,3.16
2026-09-09,20.9,25.9,3.227
2026-09-08,25.9,29.8,2.783
2026-09-07,27.2,22.2,3.15
2026-09-06,27.2,17.5,2.482
2026-09-05,25.4,17.3,2.404
2026-09-04,22.5,23.8,2.493
2026-09-03,24.0,17.2,2.481
2026-09-02,24.9,23.2,2.743
2026-09-01,25.2,23.7,3.365
2026-08-31,27.3,21.9,3.637
2026-08-30,27.0,22.5,2.985
2026-08-29,27.4,20.7,3.018
