Date,Windsor MGD,Windsor Acre-ft
2026-10-04,2.977,9.14
2026-10-03,3.052,9.37
2026-10-02,3.111,9.55
2026-10-01,3.151,9.67
2026-09-30,3.49,10.71
2026-09-29,3.17,9.73
2026-09-28,3.043,9.34
2026-09-27,2.999,9.2
2026-09-26,2.45,7.52
2026-09-25,2.967,9.11
2026-09-24,3.039,9.33
2026-09-23,2.926,8.98
2026-09-22,2.874,8.82
2026-09-21,2.963,9.09
2026-09-20,2.785,8.55
2026-09-19,2.866,8.8
2026-09-18,2.967,9.11
2026-09-17,3.098,9.51
2026-09-16,2.999,9.2
2026-09-15,2.972,9.12
2026-09-14,3.008,9.23
2026-09-13,2.879,8.84
2026-09-12,2.862,8.78
2026-09-11,3.039,9.33
2026-09-10,3.16,9.7
2026-09-09,3.227,9.9
2026-09-08,2.783,8.54
2026-09-07,3.15,9.67
2026-09-06,2.482,7.62
2026-09-05,2.404,7.38
